{"inputUnits":[63],"outputUnits":5,"inputs":{"0":{"dtype":"number","min":-0.0914655551314354,"max":1.0080201625823975},"1":{"dtype":"number","min":0.16271980106830597,"max":1.0613775253295898},"2":{"dtype":"number","min":-8.658599313093873e-7,"max":8.097881050161959e-7},"3":{"dtype":"number","min":-0.053902238607406616,"max":0.9464017152786255},"4":{"dtype":"number","min":0.14387814700603485,"max":1.021178960800171},"5":{"dtype":"number","min":-0.04048493131995201,"max":0.13576768338680267},"6":{"dtype":"number","min":-0.007462268229573965,"max":0.8951392769813538},"7":{"dtype":"number","min":0.10764802247285843,"max":0.9490396976470947},"8":{"dtype":"number","min":-0.06207485869526863,"max":0.1924021989107132},"9":{"dtype":"number","min":0.029396986588835716,"max":0.8620908260345459},"10":{"dtype":"number","min":0.06493181735277176,"max":0.9071012735366821},"11":{"dtype":"number","min":-0.07656000554561615,"max":0.22188319265842438},"12":{"dtype":"number","min":0.04464809596538544,"max":0.8600125908851624},"13":{"dtype":"number","min":0.02631095051765442,"max":0.9110878109931946},"14":{"dtype":"number","min":-0.09015706926584244,"max":0.2441878765821457},"15":{"dtype":"number","min":-0.007866276428103447,"max":0.930352509021759},"16":{"dtype":"number","min":0.06176367402076721,"max":0.905497133731842},"17":{"dtype":"number","min":-0.0684489831328392,"max":0.13208255171775818},"18":{"dtype":"number","min":0.0361008420586586,"max":0.9073304533958435},"19":{"dtype":"number","min":0.06639648973941803,"max":0.879531979560852},"20":{"dtype":"number","min":-0.09474381804466248,"max":0.17562519013881683},"21":{"dtype":"number","min":0.06395774334669113,"max":0.8830717206001282},"22":{"dtype":"number","min":0.052771881222724915,"max":0.8990349173545837},"23":{"dtype":"number","min":-0.1140785813331604,"max":0.19375987350940704},"24":{"dtype":"number","min":0.07345893979072571,"max":0.9196068048477173},"25":{"dtype":"number","min":0.04938606917858124,"max":0.915531575679779},"26":{"dtype":"number","min":-0.12968172132968903,"max":0.19841475784778595},"27":{"dtype":"number","min":-0.01087964791804552,"max":0.9457142353057861},"28":{"dtype":"number","min":0.08799775689840317,"max":0.9548157453536987},"29":{"dtype":"number","min":-0.07112652063369751,"max":0.07084163278341293},"30":{"dtype":"number","min":0.02800334058701992,"max":0.9194669723510742},"31":{"dtype":"number","min":0.08742552995681763,"max":0.9523628354072571},"32":{"dtype":"number","min":-0.09573714435100555,"max":0.11375391483306885},"33":{"dtype":"number","min":0.018000273033976555,"max":0.9103538990020752},"34":{"dtype":"number","min":0.10227268934249878,"max":0.9701642394065857},"35":{"dtype":"number","min":-0.11304526031017303,"max":0.12606999278068542},"36":{"dtype":"number","min":0.002630944363772869,"max":0.9555488228797913},"37":{"dtype":"number","min":0.12146161496639252,"max":0.9746068120002747},"38":{"dtype":"number","min":-0.1191418468952179,"max":0.1249062642455101},"39":{"dtype":"number","min":-0.019568538293242455,"max":0.9601172804832458},"40":{"dtype":"number","min":0.08612222224473953,"max":0.9965620040893555},"41":{"dtype":"number","min":-0.07641404867172241,"max":0.05423207953572273},"42":{"dtype":"number","min":0.014651933684945107,"max":0.9315057396888733},"43":{"dtype":"number","min":0.055855050683021545,"max":0.9999383687973022},"44":{"dtype":"number","min":-0.11841852217912674,"max":0.06953547149896622},"45":{"dtype":"number","min":0.0038963332772254944,"max":0.9015995264053345},"46":{"dtype":"number","min":0.07900375127792358,"max":1.0208091735839844},"47":{"dtype":"number","min":-0.1259617656469345,"max":0.08102421462535858},"48":{"dtype":"number","min":-0.01093288790434599,"max":0.9450788497924805},"49":{"dtype":"number","min":0.10787570476531982,"max":1.0181519985198975},"50":{"dtype":"number","min":-0.12379178404808044,"max":0.07375094294548035},"51":{"dtype":"number","min":-0.031993161886930466,"max":0.9738667011260986},"52":{"dtype":"number","min":0.0670289397239685,"max":1.0533642768859863},"53":{"dtype":"number","min":-0.09754545241594315,"max":0.04106573760509491},"54":{"dtype":"number","min":-0.00004505924880504608,"max":0.9400531649589539},"55":{"dtype":"number","min":0.040589988231658936,"max":1.040396809577942},"56":{"dtype":"number","min":-0.13154169917106628,"max":0.062061648815870285},"57":{"dtype":"number","min":-0.008549746125936508,"max":0.9057449102401733},"58":{"dtype":"number","min":0.059444837272167206,"max":1.0587214231491089},"59":{"dtype":"number","min":-0.13236835598945618,"max":0.07465565949678421},"60":{"dtype":"number","min":-0.023007184267044067,"max":0.8878340721130371},"61":{"dtype":"number","min":0.09173943102359772,"max":1.059706687927246},"62":{"dtype":"number","min":-0.12637509405612946,"max":0.07837192714214325}},"outputs":{"label":{"dtype":"string","min":0,"max":1,"uniqueValues":["pedri","gyokeres","depay","dybala","messi"],"legend":{"pedri":[1,0,0,0,0],"gyokeres":[0,1,0,0,0],"depay":[0,0,1,0,0],"dybala":[0,0,0,1,0],"messi":[0,0,0,0,1]}}},"isNormalized":true}